{
  "project_info": {
    "project_number": "1099034880549",
    "firebase_url": "https://app-detectart.firebaseio.com",
    "project_id": "app-detectart",
    "storage_bucket": "app-detectart.appspot.com"
  },
  "client": [
    {
      "client_info": {
        "mobilesdk_app_id": "1:1099034880549:android:305aff942d1f57706fadcc",
        "android_client_info": {
          "package_name": "com.experta.detectart"
        }
      },
      "oauth_client": [
        {
          "client_id": "1099034880549-ekhqpbcbrbp3la8i00sic3pbv3s6aciq.apps.googleusercontent.com",
          "client_type": 1,
          "android_info": {
            "package_name": "com.experta.detectart",
            "certificate_hash": "d139fd8b26624c605274b821588e23ea99249613"
          }
        },
        {
          "client_id": "1099034880549-v1qefm0oaglla4qh89eik1n2nl880o4s.apps.googleusercontent.com",
          "client_type": 3
        }
      ],
      "api_key": [
        {
          "current_key": "AIzaSyArotnH0h2IeUj0KYotnOfNm-AiMDGvOl0"
        }
      ],
      "services": {
        "appinvite_service": {
          "other_platform_oauth_client": [
            {
              "client_id": "1099034880549-v1qefm0oaglla4qh89eik1n2nl880o4s.apps.googleusercontent.com",
              "client_type": 3
            }
          ]
        }
      }
    }
  ],
  "configuration_version": "1"
}